lock,trial,capacity,object_bytes,window_seconds,completed_in_window,objects_per_second,produced_total,consumed_total,drained_after_window,elapsed_including_drain_seconds,full_retries,empty_retries,payload_errors
mutex,1,1024,64,1.000000,8901400,8901400.000000,8901662,8901662,262,1.000020,5713,351123,0
mutex,2,1024,64,1.000000,8908052,8908052.000000,8908261,8908261,209,1.000022,7583,295843,0
mutex,3,1024,64,1.000000,8864926,8864926.000000,8864927,8864927,1,1.000020,5422,355523,0
mutex,4,1024,64,1.000000,8871811,8871811.000000,8872162,8872162,351,1.000024,5802,362098,0
mutex,5,1024,64,1.000000,8902670,8902670.000000,8902824,8902824,154,1.000021,6320,311072,0
spin,1,1024,64,1.000000,8340473,8340473.000000,8340635,8340635,162,1.000022,8474,245171,0
spin,2,1024,64,1.000000,8405278,8405278.000000,8405310,8405310,32,1.000024,12905,217102,0
spin,3,1024,64,1.000000,8326606,8326606.000000,8326616,8326616,10,1.000026,11046,241899,0
spin,4,1024,64,1.000000,8288582,8288582.000000,8288619,8288619,37,1.000024,7591,294625,0
spin,5,1024,64,1.000000,8332156,8332156.000000,8332174,8332174,18,1.000025,14867,243520,0
