# payload_bytes=64,capacity=1024,window_seconds=1,hardware_threads=4
run,lock,pushes_per_second,pops_per_second,total_pushed,total_popped,post_window_pops,full_retries,empty_retries,validation
1,std::mutex,4755152,4754130,4755153,4755153,1023,239452,68334,PASS
1,SpinMutex,6017122,6017033,6017123,6017123,90,29495,248117,PASS
2,std::mutex,3907037,3907014,3907038,3907038,24,67427,129644,PASS
2,SpinMutex,4468192,4467512,4468192,4468192,680,33282,160062,PASS
3,std::mutex,3486955,3486846,3486956,3486956,110,129009,69775,PASS
3,SpinMutex,4778390,4778346,4778391,4778391,45,18627,106845,PASS
4,std::mutex,4246226,4246123,4246227,4246227,104,101637,163216,PASS
4,SpinMutex,4735806,4735443,4735807,4735807,364,37002,154516,PASS
5,std::mutex,3836065,3835087,3836066,3836066,979,229511,59069,PASS
5,SpinMutex,4585522,4585522,4585523,4585523,1,22466,149005,PASS
